"ÉRÉ}ÉìÉh","É_É~Å[","É_É~Å[","É_É~Å[","í çséûä‘ë—î‘çÜ","í çséûä‘ë—ñºèÃ","í çsÉJÉåÉìÉ_î‘çÜ","ï™óﬁî‘çÜ","(ì˙)äJénéûçèÇP","(ì˙)èIóπéûçèÇP","(ì˙)äJénéûçèÇQ","(ì˙)èIóπéûçèÇQ","(åé)äJénéûçèÇP","(åé)èIóπéûçèÇP","(åé)äJénéûçèÇQ","(åé)èIóπéûçèÇQ","(âŒ)äJénéûçèÇP","(âŒ)èIóπéûçèÇP","(âŒ)äJénéûçèÇQ","(âŒ)èIóπéûçèÇQ","(êÖ)äJénéûçèÇP","(êÖ)èIóπéûçèÇP","(êÖ)äJénéûçèÇQ","(êÖ)èIóπéûçèÇQ","(ñÿ)äJénéûçèÇP","(ñÿ)èIóπéûçèÇP","(ñÿ)äJénéûçèÇQ","(ñÿ)èIóπéûçèÇQ","(ã‡)äJénéûçèÇP","(ã‡)èIóπéûçèÇP","(ã‡)äJénéûçèÇQ","(ã‡)èIóπéûçèÇQ","(ìy)äJénéûçèÇP","(ìy)èIóπéûçèÇP","(ìy)äJénéûçèÇQ","(ìy)èIóπéûçèÇQ","(ãx)äJénéûçèÇP","(ãx)èIóπéûçèÇP","(ãx)äJénéûçèÇQ","(ãx)èIóπéûçèÇQ","(ì¡ÇP)äJénéûçèÇP","(ì¡ÇP)èIóπéûçèÇP","(ì¡ÇP)äJénéûçèÇQ","(ì¡ÇP)èIóπéûçèÇQ","(ì¡ÇQ)äJénéûçèÇP","(ì¡ÇQ)èIóπéûçèÇP","(ì¡ÇQ)äJénéûçèÇQ","(ì¡ÇQ)èIóπéûçèÇQ","(ì¡ÇR)äJénéûçèÇP","(ì¡ÇR)èIóπéûçèÇP","(ì¡ÇR)äJénéûçèÇQ","(ì¡ÇR)èIóπéûçèÇQ","(ì¡ÇS)äJénéûçèÇP","(ì¡ÇS)èIóπéûçèÇP","(ì¡ÇS)äJénéûçèÇQ","(ì¡ÇS)èIóπéûçèÇQ","ó\îıÇP"
"0","0","0","0","1","1","1","1","1","1","1","1","1","1","1","1","1","1","1","1","1","1","1","1","1","1","1","1","1","1","1","1","1","1","1","1","1","1","1","1","1","1","1","1","1","1","1","1","1","1","1","1","1","1","1","1","0"
"W","","","","0001","í çséûä‘ë—Å|ÇOÇOÇOÇP","0001","","","","","","","","","","","","","","","","","","","","","","","","","","","","","","","","","","","","","","","","","","","","","","","","","",""
"W","","","","0002","í çséûä‘ë—Å|ÇOÇOÇOÇQ","0001","","","","","","","","","","","","","","","","","","","","","","","","","","","","","","","","","","","","","","","","","","","","","","","","","",""
"W","","","","0003","í çséûä‘ë—Å|ÇOÇOÇOÇR","0001","","","","","","","","","","","","","","","","","","","","","","","","","","","","","","","","","","","","","","","","","","","","","","","","","",""
"W","","","","0004","í çséûä‘ë—Å|ÇOÇOÇOÇS","0001","","","","","","","","","","","","","","","","","","","","","","","","","","","","","","","","","","","","","","","","","","","","","","","","","",""
"W","","","","0005","í çséûä‘ë—Å|ÇOÇOÇOÇT","0001","","","","","","","","","","","","","","","","","","","","","","","","","","","","","","","","","","","","","","","","","","","","","","","","","",""
"W","","","","0006","í çséûä‘ë—Å|ÇOÇOÇOÇU","0001","","","","","","","","","","","","","","","","","","","","","","","","","","","","","","","","","","","","","","","","","","","","","","","","","",""
"W","","","","0007","í çséûä‘ë—Å|ÇOÇOÇOÇV","0001","","","","","","","","","","","","","","","","","","","","","","","","","","","","","","","","","","","","","","","","","","","","","","","","","",""
"W","","","","0008","í çséûä‘ë—Å|ÇOÇOÇOÇW","0001","","","","","","","","","","","","","","","","","","","","","","","","","","","","","","","","","","","","","","","","","","","","","","","","","",""
"W","","","","0009","í çséûä‘ë—Å|ÇOÇOÇOÇX","0001","","","","","","","","","","","","","","","","","","","","","","","","","","","","","","","","","","","","","","","","","","","","","","","","","",""
"W","","","","0010","í çséûä‘ë—Å|ÇOÇOÇPÇO","0001","","","","","","","","","","","","","","","","","","","","","","","","","","","","","","","","","","","","","","","","","","","","","","","","","",""
"W","","","","0011","í çséûä‘ë—Å|ÇOÇOÇPÇP","0001","","","","","","","","","","","","","","","","","","","","","","","","","","","","","","","","","","","","","","","","","","","","","","","","","",""
"W","","","","0012","í çséûä‘ë—Å|ÇOÇOÇPÇQ","0001","","","","","","","","","","","","","","","","","","","","","","","","","","","","","","","","","","","","","","","","","","","","","","","","","",""
"W","","","","0013","í çséûä‘ë—Å|ÇOÇOÇPÇR","0001","","","","","","","","","","","","","","","","","","","","","","","","","","","","","","","","","","","","","","","","","","","","","","","","","",""
"W","","","","0014","í çséûä‘ë—Å|ÇOÇOÇPÇS","0001","","","","","","","","","","","","","","","","","","","","","","","","","","","","","","","","","","","","","","","","","","","","","","","","","",""
"W","","","","0015","í çséûä‘ë—Å|ÇOÇOÇPÇT","0001","","","","","","","","","","","","","","","","","","","","","","","","","","","","","","","","","","","","","","","","","","","","","","","","","",""
"W","","","","0016","í çséûä‘ë—Å|ÇOÇOÇPÇU","0001","","","","","","","","","","","","","","","","","","","","","","","","","","","","","","","","","","","","","","","","","","","","","","","","","",""
"W","","","","0017","í çséûä‘ë—Å|ÇOÇOÇPÇV","0001","","","","","","","","","","","","","","","","","","","","","","","","","","","","","","","","","","","","","","","","","","","","","","","","","",""
"W","","","","0018","í çséûä‘ë—Å|ÇOÇOÇPÇW","0001","","","","","","","","","","","","","","","","","","","","","","","","","","","","","","","","","","","","","","","","","","","","","","","","","",""
"W","","","","0019","í çséûä‘ë—Å|ÇOÇOÇPÇX","0001","","","","","","","","","","","","","","","","","","","","","","","","","","","","","","","","","","","","","","","","","","","","","","","","","",""
"W","","","","0020","í çséûä‘ë—Å|ÇOÇOÇQÇO","0001","","","","","","","","","","","","","","","","","","","","","","","","","","","","","","","","","","","","","","","","","","","","","","","","","",""
"W","","","","0021","í çséûä‘ë—Å|ÇOÇOÇQÇP","0001","","","","","","","","","","","","","","","","","","","","","","","","","","","","","","","","","","","","","","","","","","","","","","","","","",""
"W","","","","0022","í çséûä‘ë—Å|ÇOÇOÇQÇQ","0001","","","","","","","","","","","","","","","","","","","","","","","","","","","","","","","","","","","","","","","","","","","","","","","","","",""
"W","","","","0023","í çséûä‘ë—Å|ÇOÇOÇQÇR","0001","","","","","","","","","","","","","","","","","","","","","","","","","","","","","","","","","","","","","","","","","","","","","","","","","",""
"W","","","","0024","í çséûä‘ë—Å|ÇOÇOÇQÇS","0001","","","","","","","","","","","","","","","","","","","","","","","","","","","","","","","","","","","","","","","","","","","","","","","","","",""
"W","","","","0025","í çséûä‘ë—Å|ÇOÇOÇQÇT","0001","","","","","","","","","","","","","","","","","","","","","","","","","","","","","","","","","","","","","","","","","","","","","","","","","",""
"W","","","","0026","í çséûä‘ë—Å|ÇOÇOÇQÇU","0001","","","","","","","","","","","","","","","","","","","","","","","","","","","","","","","","","","","","","","","","","","","","","","","","","",""
"W","","","","0027","í çséûä‘ë—Å|ÇOÇOÇQÇV","0001","","","","","","","","","","","","","","","","","","","","","","","","","","","","","","","","","","","","","","","","","","","","","","","","","",""
"W","","","","0028","í çséûä‘ë—Å|ÇOÇOÇQÇW","0001","","","","","","","","","","","","","","","","","","","","","","","","","","","","","","","","","","","","","","","","","","","","","","","","","",""
"W","","","","0029","í çséûä‘ë—Å|ÇOÇOÇQÇX","0001","","","","","","","","","","","","","","","","","","","","","","","","","","","","","","","","","","","","","","","","","","","","","","","","","",""
"W","","","","0030","í çséûä‘ë—Å|ÇOÇOÇRÇO","0001","","","","","","","","","","","","","","","","","","","","","","","","","","","","","","","","","","","","","","","","","","","","","","","","","",""
"W","","","","0031","í çséûä‘ë—Å|ÇOÇOÇRÇP","0001","","","","","","","","","","","","","","","","","","","","","","","","","","","","","","","","","","","","","","","","","","","","","","","","","",""
"W","","","","0032","í çséûä‘ë—Å|ÇOÇOÇRÇQ","0001","","","","","","","","","","","","","","","","","","","","","","","","","","","","","","","","","","","","","","","","","","","","","","","","","",""
"W","","","","0033","í çséûä‘ë—Å|ÇOÇOÇRÇR","0001","","","","","","","","","","","","","","","","","","","","","","","","","","","","","","","","","","","","","","","","","","","","","","","","","",""
"W","","","","0034","í çséûä‘ë—Å|ÇOÇOÇRÇS","0001","","","","","","","","","","","","","","","","","","","","","","","","","","","","","","","","","","","","","","","","","","","","","","","","","",""
"W","","","","0035","í çséûä‘ë—Å|ÇOÇOÇRÇT","0001","","","","","","","","","","","","","","","","","","","","","","","","","","","","","","","","","","","","","","","","","","","","","","","","","",""
"W","","","","0036","í çséûä‘ë—Å|ÇOÇOÇRÇU","0001","","","","","","","","","","","","","","","","","","","","","","","","","","","","","","","","","","","","","","","","","","","","","","","","","",""
"W","","","","0037","í çséûä‘ë—Å|ÇOÇOÇRÇV","0001","","","","","","","","","","","","","","","","","","","","","","","","","","","","","","","","","","","","","","","","","","","","","","","","","",""
"W","","","","0038","í çséûä‘ë—Å|ÇOÇOÇRÇW","0001","","","","","","","","","","","","","","","","","","","","","","","","","","","","","","","","","","","","","","","","","","","","","","","","","",""
"W","","","","0039","í çséûä‘ë—Å|ÇOÇOÇRÇX","0001","","","","","","","","","","","","","","","","","","","","","","","","","","","","","","","","","","","","","","","","","","","","","","","","","",""
"W","","","","0040","í çséûä‘ë—Å|ÇOÇOÇSÇO","0001","","","","","","","","","","","","","","","","","","","","","","","","","","","","","","","","","","","","","","","","","","","","","","","","","",""
"W","","","","0041","í çséûä‘ë—Å|ÇOÇOÇSÇP","0001","","","","","","","","","","","","","","","","","","","","","","","","","","","","","","","","","","","","","","","","","","","","","","","","","",""
"W","","","","0042","í çséûä‘ë—Å|ÇOÇOÇSÇQ","0001","","","","","","","","","","","","","","","","","","","","","","","","","","","","","","","","","","","","","","","","","","","","","","","","","",""
"W","","","","0043","í çséûä‘ë—Å|ÇOÇOÇSÇR","0001","","","","","","","","","","","","","","","","","","","","","","","","","","","","","","","","","","","","","","","","","","","","","","","","","",""
"W","","","","0044","í çséûä‘ë—Å|ÇOÇOÇSÇS","0001","","","","","","","","","","","","","","","","","","","","","","","","","","","","","","","","","","","","","","","","","","","","","","","","","",""
"W","","","","0045","í çséûä‘ë—Å|ÇOÇOÇSÇT","0001","","","","","","","","","","","","","","","","","","","","","","","","","","","","","","","","","","","","","","","","","","","","","","","","","",""
"W","","","","0046","í çséûä‘ë—Å|ÇOÇOÇSÇU","0001","","","","","","","","","","","","","","","","","","","","","","","","","","","","","","","","","","","","","","","","","","","","","","","","","",""
"W","","","","0047","í çséûä‘ë—Å|ÇOÇOÇSÇV","0001","","","","","","","","","","","","","","","","","","","","","","","","","","","","","","","","","","","","","","","","","","","","","","","","","",""
"W","","","","0048","í çséûä‘ë—Å|ÇOÇOÇSÇW","0001","","","","","","","","","","","","","","","","","","","","","","","","","","","","","","","","","","","","","","","","","","","","","","","","","",""
"W","","","","0049","í çséûä‘ë—Å|ÇOÇOÇSÇX","0001","","","","","","","","","","","","","","","","","","","","","","","","","","","","","","","","","","","","","","","","","","","","","","","","","",""
"W","","","","0050","í çséûä‘ë—Å|ÇOÇOÇTÇO","0001","","","","","","","","","","","","","","","","","","","","","","","","","","","","","","","","","","","","","","","","","","","","","","","","","",""
"W","","","","0051","í çséûä‘ë—Å|ÇOÇOÇTÇP","0001","","","","","","","","","","","","","","","","","","","","","","","","","","","","","","","","","","","","","","","","","","","","","","","","","",""
"W","","","","0052","í çséûä‘ë—Å|ÇOÇOÇTÇQ","0001","","","","","","","","","","","","","","","","","","","","","","","","","","","","","","","","","","","","","","","","","","","","","","","","","",""
"W","","","","0053","í çséûä‘ë—Å|ÇOÇOÇTÇR","0001","","","","","","","","","","","","","","","","","","","","","","","","","","","","","","","","","","","","","","","","","","","","","","","","","",""
"W","","","","0054","í çséûä‘ë—Å|ÇOÇOÇTÇS","0001","","","","","","","","","","","","","","","","","","","","","","","","","","","","","","","","","","","","","","","","","","","","","","","","","",""
"W","","","","0055","í çséûä‘ë—Å|ÇOÇOÇTÇT","0001","","","","","","","","","","","","","","","","","","","","","","","","","","","","","","","","","","","","","","","","","","","","","","","","","",""
"W","","","","0056","í çséûä‘ë—Å|ÇOÇOÇTÇU","0001","","","","","","","","","","","","","","","","","","","","","","","","","","","","","","","","","","","","","","","","","","","","","","","","","",""
"W","","","","0057","í çséûä‘ë—Å|ÇOÇOÇTÇV","0001","","","","","","","","","","","","","","","","","","","","","","","","","","","","","","","","","","","","","","","","","","","","","","","","","",""
"W","","","","0058","í çséûä‘ë—Å|ÇOÇOÇTÇW","0001","","","","","","","","","","","","","","","","","","","","","","","","","","","","","","","","","","","","","","","","","","","","","","","","","",""
"W","","","","0059","í çséûä‘ë—Å|ÇOÇOÇTÇX","0001","","","","","","","","","","","","","","","","","","","","","","","","","","","","","","","","","","","","","","","","","","","","","","","","","",""
"W","","","","0060","í çséûä‘ë—Å|ÇOÇOÇUÇO","0001","","","","","","","","","","","","","","","","","","","","","","","","","","","","","","","","","","","","","","","","","","","","","","","","","",""
"W","","","","0061","í çséûä‘ë—Å|ÇOÇOÇUÇP","0001","","","","","","","","","","","","","","","","","","","","","","","","","","","","","","","","","","","","","","","","","","","","","","","","","",""
"W","","","","0062","í çséûä‘ë—Å|ÇOÇOÇUÇQ","0001","","","","","","","","","","","","","","","","","","","","","","","","","","","","","","","","","","","","","","","","","","","","","","","","","",""
"W","","","","0063","í çséûä‘ë—Å|ÇOÇOÇUÇR","0001","","","","","","","","","","","","","","","","","","","","","","","","","","","","","","","","","","","","","","","","","","","","","","","","","",""
"W","","","","0064","í çséûä‘ë—Å|ÇOÇOÇUÇS","0001","","","","","","","","","","","","","","","","","","","","","","","","","","","","","","","","","","","","","","","","","","","","","","","","","",""
"W","","","","0065","í çséûä‘ë—Å|ÇOÇOÇUÇT","0001","","","","","","","","","","","","","","","","","","","","","","","","","","","","","","","","","","","","","","","","","","","","","","","","","",""
"W","","","","0066","í çséûä‘ë—Å|ÇOÇOÇUÇU","0001","","","","","","","","","","","","","","","","","","","","","","","","","","","","","","","","","","","","","","","","","","","","","","","","","",""
"W","","","","0067","í çséûä‘ë—Å|ÇOÇOÇUÇV","0001","","","","","","","","","","","","","","","","","","","","","","","","","","","","","","","","","","","","","","","","","","","","","","","","","",""
"W","","","","0068","í çséûä‘ë—Å|ÇOÇOÇUÇW","0001","","","","","","","","","","","","","","","","","","","","","","","","","","","","","","","","","","","","","","","","","","","","","","","","","",""
"W","","","","0069","í çséûä‘ë—Å|ÇOÇOÇUÇX","0001","","","","","","","","","","","","","","","","","","","","","","","","","","","","","","","","","","","","","","","","","","","","","","","","","",""
"W","","","","0070","í çséûä‘ë—Å|ÇOÇOÇVÇO","0001","","","","","","","","","","","","","","","","","","","","","","","","","","","","","","","","","","","","","","","","","","","","","","","","","",""
"W","","","","0071","í çséûä‘ë—Å|ÇOÇOÇVÇP","0001","","","","","","","","","","","","","","","","","","","","","","","","","","","","","","","","","","","","","","","","","","","","","","","","","",""
"W","","","","0072","í çséûä‘ë—Å|ÇOÇOÇVÇQ","0001","","","","","","","","","","","","","","","","","","","","","","","","","","","","","","","","","","","","","","","","","","","","","","","","","",""
"W","","","","0073","í çséûä‘ë—Å|ÇOÇOÇVÇR","0001","","","","","","","","","","","","","","","","","","","","","","","","","","","","","","","","","","","","","","","","","","","","","","","","","",""
"W","","","","0074","í çséûä‘ë—Å|ÇOÇOÇVÇS","0001","","","","","","","","","","","","","","","","","","","","","","","","","","","","","","","","","","","","","","","","","","","","","","","","","",""
"W","","","","0075","í çséûä‘ë—Å|ÇOÇOÇVÇT","0001","","","","","","","","","","","","","","","","","","","","","","","","","","","","","","","","","","","","","","","","","","","","","","","","","",""
"W","","","","0076","í çséûä‘ë—Å|ÇOÇOÇVÇU","0001","","","","","","","","","","","","","","","","","","","","","","","","","","","","","","","","","","","","","","","","","","","","","","","","","",""
"W","","","","0077","í çséûä‘ë—Å|ÇOÇOÇVÇV","0001","","","","","","","","","","","","","","","","","","","","","","","","","","","","","","","","","","","","","","","","","","","","","","","","","",""
"W","","","","0078","í çséûä‘ë—Å|ÇOÇOÇVÇW","0001","","","","","","","","","","","","","","","","","","","","","","","","","","","","","","","","","","","","","","","","","","","","","","","","","",""
"W","","","","0079","í çséûä‘ë—Å|ÇOÇOÇVÇX","0001","","","","","","","","","","","","","","","","","","","","","","","","","","","","","","","","","","","","","","","","","","","","","","","","","",""
"W","","","","0080","í çséûä‘ë—Å|ÇOÇOÇWÇO","0001","","","","","","","","","","","","","","","","","","","","","","","","","","","","","","","","","","","","","","","","","","","","","","","","","",""
"W","","","","0081","í çséûä‘ë—Å|ÇOÇOÇWÇP","0001","","","","","","","","","","","","","","","","","","","","","","","","","","","","","","","","","","","","","","","","","","","","","","","","","",""
"W","","","","0082","í çséûä‘ë—Å|ÇOÇOÇWÇQ","0001","","","","","","","","","","","","","","","","","","","","","","","","","","","","","","","","","","","","","","","","","","","","","","","","","",""
"W","","","","0083","í çséûä‘ë—Å|ÇOÇOÇWÇR","0001","","","","","","","","","","","","","","","","","","","","","","","","","","","","","","","","","","","","","","","","","","","","","","","","","",""
"W","","","","0084","í çséûä‘ë—Å|ÇOÇOÇWÇS","0001","","","","","","","","","","","","","","","","","","","","","","","","","","","","","","","","","","","","","","","","","","","","","","","","","",""
"W","","","","0085","í çséûä‘ë—Å|ÇOÇOÇWÇT","0001","","","","","","","","","","","","","","","","","","","","","","","","","","","","","","","","","","","","","","","","","","","","","","","","","",""
"W","","","","0086","í çséûä‘ë—Å|ÇOÇOÇWÇU","0001","","","","","","","","","","","","","","","","","","","","","","","","","","","","","","","","","","","","","","","","","","","","","","","","","",""
"W","","","","0087","í çséûä‘ë—Å|ÇOÇOÇWÇV","0001","","","","","","","","","","","","","","","","","","","","","","","","","","","","","","","","","","","","","","","","","","","","","","","","","",""
"W","","","","0088","í çséûä‘ë—Å|ÇOÇOÇWÇW","0001","","","","","","","","","","","","","","","","","","","","","","","","","","","","","","","","","","","","","","","","","","","","","","","","","",""
"W","","","","0089","í çséûä‘ë—Å|ÇOÇOÇWÇX","0001","","","","","","","","","","","","","","","","","","","","","","","","","","","","","","","","","","","","","","","","","","","","","","","","","",""
"W","","","","0090","í çséûä‘ë—Å|ÇOÇOÇXÇO","0001","","","","","","","","","","","","","","","","","","","","","","","","","","","","","","","","","","","","","","","","","","","","","","","","","",""
"W","","","","0091","í çséûä‘ë—Å|ÇOÇOÇXÇP","0001","","","","","","","","","","","","","","","","","","","","","","","","","","","","","","","","","","","","","","","","","","","","","","","","","",""
"W","","","","0092","í çséûä‘ë—Å|ÇOÇOÇXÇQ","0001","","","","","","","","","","","","","","","","","","","","","","","","","","","","","","","","","","","","","","","","","","","","","","","","","",""
"W","","","","0093","í çséûä‘ë—Å|ÇOÇOÇXÇR","0001","","","","","","","","","","","","","","","","","","","","","","","","","","","","","","","","","","","","","","","","","","","","","","","","","",""
"W","","","","0094","í çséûä‘ë—Å|ÇOÇOÇXÇS","0001","","","","","","","","","","","","","","","","","","","","","","","","","","","","","","","","","","","","","","","","","","","","","","","","","",""
"W","","","","0095","í çséûä‘ë—Å|ÇOÇOÇXÇT","0001","","","","","","","","","","","","","","","","","","","","","","","","","","","","","","","","","","","","","","","","","","","","","","","","","",""
"W","","","","0096","í çséûä‘ë—Å|ÇOÇOÇXÇU","0001","","","","","","","","","","","","","","","","","","","","","","","","","","","","","","","","","","","","","","","","","","","","","","","","","",""
"W","","","","0097","í çséûä‘ë—Å|ÇOÇOÇXÇV","0001","","","","","","","","","","","","","","","","","","","","","","","","","","","","","","","","","","","","","","","","","","","","","","","","","",""
"W","","","","0098","í çséûä‘ë—Å|ÇOÇOÇXÇW","0001","","","","","","","","","","","","","","","","","","","","","","","","","","","","","","","","","","","","","","","","","","","","","","","","","",""
"W","","","","0099","í çséûä‘ë—Å|ÇOÇOÇXÇX","0001","","","","","","","","","","","","","","","","","","","","","","","","","","","","","","","","","","","","","","","","","","","","","","","","","",""
"W","","","","0100","í çséûä‘ë—Å|ÇOÇPÇOÇO","0001","","","","","","","","","","","","","","","","","","","","","","","","","","","","","","","","","","","","","","","","","","","","","","","","","",""
"W","","","","0101","í çséûä‘ë—Å|ÇOÇPÇOÇP","0001","","","","","","","","","","","","","","","","","","","","","","","","","","","","","","","","","","","","","","","","","","","","","","","","","",""
"W","","","","0102","í çséûä‘ë—Å|ÇOÇPÇOÇQ","0001","","","","","","","","","","","","","","","","","","","","","","","","","","","","","","","","","","","","","","","","","","","","","","","","","",""
"W","","","","0103","í çséûä‘ë—Å|ÇOÇPÇOÇR","0001","","","","","","","","","","","","","","","","","","","","","","","","","","","","","","","","","","","","","","","","","","","","","","","","","",""
"W","","","","0104","í çséûä‘ë—Å|ÇOÇPÇOÇS","0001","","","","","","","","","","","","","","","","","","","","","","","","","","","","","","","","","","","","","","","","","","","","","","","","","",""
"W","","","","0105","í çséûä‘ë—Å|ÇOÇPÇOÇT","0001","","","","","","","","","","","","","","","","","","","","","","","","","","","","","","","","","","","","","","","","","","","","","","","","","",""
"W","","","","0106","í çséûä‘ë—Å|ÇOÇPÇOÇU","0001","","","","","","","","","","","","","","","","","","","","","","","","","","","","","","","","","","","","","","","","","","","","","","","","","",""
"W","","","","0107","í çséûä‘ë—Å|ÇOÇPÇOÇV","0001","","","","","","","","","","","","","","","","","","","","","","","","","","","","","","","","","","","","","","","","","","","","","","","","","",""
"W","","","","0108","í çséûä‘ë—Å|ÇOÇPÇOÇW","0001","","","","","","","","","","","","","","","","","","","","","","","","","","","","","","","","","","","","","","","","","","","","","","","","","",""
"W","","","","0109","í çséûä‘ë—Å|ÇOÇPÇOÇX","0001","","","","","","","","","","","","","","","","","","","","","","","","","","","","","","","","","","","","","","","","","","","","","","","","","",""
"W","","","","0110","í çséûä‘ë—Å|ÇOÇPÇPÇO","0001","","","","","","","","","","","","","","","","","","","","","","","","","","","","","","","","","","","","","","","","","","","","","","","","","",""
"W","","","","0111","í çséûä‘ë—Å|ÇOÇPÇPÇP","0001","","","","","","","","","","","","","","","","","","","","","","","","","","","","","","","","","","","","","","","","","","","","","","","","","",""
"W","","","","0112","í çséûä‘ë—Å|ÇOÇPÇPÇQ","0001","","","","","","","","","","","","","","","","","","","","","","","","","","","","","","","","","","","","","","","","","","","","","","","","","",""
"W","","","","0113","í çséûä‘ë—Å|ÇOÇPÇPÇR","0001","","","","","","","","","","","","","","","","","","","","","","","","","","","","","","","","","","","","","","","","","","","","","","","","","",""
"W","","","","0114","í çséûä‘ë—Å|ÇOÇPÇPÇS","0001","","","","","","","","","","","","","","","","","","","","","","","","","","","","","","","","","","","","","","","","","","","","","","","","","",""
"W","","","","0115","í çséûä‘ë—Å|ÇOÇPÇPÇT","0001","","","","","","","","","","","","","","","","","","","","","","","","","","","","","","","","","","","","","","","","","","","","","","","","","",""
"W","","","","0116","í çséûä‘ë—Å|ÇOÇPÇPÇU","0001","","","","","","","","","","","","","","","","","","","","","","","","","","","","","","","","","","","","","","","","","","","","","","","","","",""
"W","","","","0117","í çséûä‘ë—Å|ÇOÇPÇPÇV","0001","","","","","","","","","","","","","","","","","","","","","","","","","","","","","","","","","","","","","","","","","","","","","","","","","",""
"W","","","","0118","í çséûä‘ë—Å|ÇOÇPÇPÇW","0001","","","","","","","","","","","","","","","","","","","","","","","","","","","","","","","","","","","","","","","","","","","","","","","","","",""
"W","","","","0119","í çséûä‘ë—Å|ÇOÇPÇPÇX","0001","","","","","","","","","","","","","","","","","","","","","","","","","","","","","","","","","","","","","","","","","","","","","","","","","",""
"W","","","","0120","í çséûä‘ë—Å|ÇOÇPÇQÇO","0001","","","","","","","","","","","","","","","","","","","","","","","","","","","","","","","","","","","","","","","","","","","","","","","","","",""
"W","","","","0121","í çséûä‘ë—Å|ÇOÇPÇQÇP","0001","","","","","","","","","","","","","","","","","","","","","","","","","","","","","","","","","","","","","","","","","","","","","","","","","",""
"W","","","","0122","í çséûä‘ë—Å|ÇOÇPÇQÇQ","0001","","","","","","","","","","","","","","","","","","","","","","","","","","","","","","","","","","","","","","","","","","","","","","","","","",""
"W","","","","0123","í çséûä‘ë—Å|ÇOÇPÇQÇR","0001","","","","","","","","","","","","","","","","","","","","","","","","","","","","","","","","","","","","","","","","","","","","","","","","","",""
"W","","","","0124","í çséûä‘ë—Å|ÇOÇPÇQÇS","0001","","","","","","","","","","","","","","","","","","","","","","","","","","","","","","","","","","","","","","","","","","","","","","","","","",""
"W","","","","0125","í çséûä‘ë—Å|ÇOÇPÇQÇT","0001","","","","","","","","","","","","","","","","","","","","","","","","","","","","","","","","","","","","","","","","","","","","","","","","","",""
"W","","","","0126","í çséûä‘ë—Å|ÇOÇPÇQÇU","0001","","","","","","","","","","","","","","","","","","","","","","","","","","","","","","","","","","","","","","","","","","","","","","","","","",""
"W","","","","0127","í çséûä‘ë—Å|ÇOÇPÇQÇV","0001","","","","","","","","","","","","","","","","","","","","","","","","","","","","","","","","","","","","","","","","","","","","","","","","","",""
"W","","","","0128","í çséûä‘ë—Å|ÇOÇPÇQÇW","0001","","","","","","","","","","","","","","","","","","","","","","","","","","","","","","","","","","","","","","","","","","","","","","","","","",""
"W","","","","0129","í çséûä‘ë—Å|ÇOÇPÇQÇX","0001","","","","","","","","","","","","","","","","","","","","","","","","","","","","","","","","","","","","","","","","","","","","","","","","","",""
"W","","","","0130","í çséûä‘ë—Å|ÇOÇPÇRÇO","0001","","","","","","","","","","","","","","","","","","","","","","","","","","","","","","","","","","","","","","","","","","","","","","","","","",""
"W","","","","0131","í çséûä‘ë—Å|ÇOÇPÇRÇP","0001","","","","","","","","","","","","","","","","","","","","","","","","","","","","","","","","","","","","","","","","","","","","","","","","","",""
"W","","","","0132","í çséûä‘ë—Å|ÇOÇPÇRÇQ","0001","","","","","","","","","","","","","","","","","","","","","","","","","","","","","","","","","","","","","","","","","","","","","","","","","",""
"W","","","","0133","í çséûä‘ë—Å|ÇOÇPÇRÇR","0001","","","","","","","","","","","","","","","","","","","","","","","","","","","","","","","","","","","","","","","","","","","","","","","","","",""
"W","","","","0134","í çséûä‘ë—Å|ÇOÇPÇRÇS","0001","","","","","","","","","","","","","","","","","","","","","","","","","","","","","","","","","","","","","","","","","","","","","","","","","",""
"W","","","","0135","í çséûä‘ë—Å|ÇOÇPÇRÇT","0001","","","","","","","","","","","","","","","","","","","","","","","","","","","","","","","","","","","","","","","","","","","","","","","","","",""
"W","","","","0136","í çséûä‘ë—Å|ÇOÇPÇRÇU","0001","","","","","","","","","","","","","","","","","","","","","","","","","","","","","","","","","","","","","","","","","","","","","","","","","",""
"W","","","","0137","í çséûä‘ë—Å|ÇOÇPÇRÇV","0001","","","","","","","","","","","","","","","","","","","","","","","","","","","","","","","","","","","","","","","","","","","","","","","","","",""
"W","","","","0138","í çséûä‘ë—Å|ÇOÇPÇRÇW","0001","","","","","","","","","","","","","","","","","","","","","","","","","","","","","","","","","","","","","","","","","","","","","","","","","",""
"W","","","","0139","í çséûä‘ë—Å|ÇOÇPÇRÇX","0001","","","","","","","","","","","","","","","","","","","","","","","","","","","","","","","","","","","","","","","","","","","","","","","","","",""
"W","","","","0140","í çséûä‘ë—Å|ÇOÇPÇSÇO","0001","","","","","","","","","","","","","","","","","","","","","","","","","","","","","","","","","","","","","","","","","","","","","","","","","",""
"W","","","","0141","í çséûä‘ë—Å|ÇOÇPÇSÇP","0001","","","","","","","","","","","","","","","","","","","","","","","","","","","","","","","","","","","","","","","","","","","","","","","","","",""
"W","","","","0142","í çséûä‘ë—Å|ÇOÇPÇSÇQ","0001","","","","","","","","","","","","","","","","","","","","","","","","","","","","","","","","","","","","","","","","","","","","","","","","","",""
"W","","","","0143","í çséûä‘ë—Å|ÇOÇPÇSÇR","0001","","","","","","","","","","","","","","","","","","","","","","","","","","","","","","","","","","","","","","","","","","","","","","","","","",""
"W","","","","0144","í çséûä‘ë—Å|ÇOÇPÇSÇS","0001","","","","","","","","","","","","","","","","","","","","","","","","","","","","","","","","","","","","","","","","","","","","","","","","","",""
"W","","","","0145","í çséûä‘ë—Å|ÇOÇPÇSÇT","0001","","","","","","","","","","","","","","","","","","","","","","","","","","","","","","","","","","","","","","","","","","","","","","","","","",""
"W","","","","0146","í çséûä‘ë—Å|ÇOÇPÇSÇU","0001","","","","","","","","","","","","","","","","","","","","","","","","","","","","","","","","","","","","","","","","","","","","","","","","","",""
"W","","","","0147","í çséûä‘ë—Å|ÇOÇPÇSÇV","0001","","","","","","","","","","","","","","","","","","","","","","","","","","","","","","","","","","","","","","","","","","","","","","","","","",""
"W","","","","0148","í çséûä‘ë—Å|ÇOÇPÇSÇW","0001","","","","","","","","","","","","","","","","","","","","","","","","","","","","","","","","","","","","","","","","","","","","","","","","","",""
"W","","","","0149","í çséûä‘ë—Å|ÇOÇPÇSÇX","0001","","","","","","","","","","","","","","","","","","","","","","","","","","","","","","","","","","","","","","","","","","","","","","","","","",""
"W","","","","0150","í çséûä‘ë—Å|ÇOÇPÇTÇO","0001","","","","","","","","","","","","","","","","","","","","","","","","","","","","","","","","","","","","","","","","","","","","","","","","","",""
"W","","","","0151","í çséûä‘ë—Å|ÇOÇPÇTÇP","0001","","","","","","","","","","","","","","","","","","","","","","","","","","","","","","","","","","","","","","","","","","","","","","","","","",""
"W","","","","0152","í çséûä‘ë—Å|ÇOÇPÇTÇQ","0001","","","","","","","","","","","","","","","","","","","","","","","","","","","","","","","","","","","","","","","","","","","","","","","","","",""
"W","","","","0153","í çséûä‘ë—Å|ÇOÇPÇTÇR","0001","","","","","","","","","","","","","","","","","","","","","","","","","","","","","","","","","","","","","","","","","","","","","","","","","",""
"W","","","","0154","í çséûä‘ë—Å|ÇOÇPÇTÇS","0001","","","","","","","","","","","","","","","","","","","","","","","","","","","","","","","","","","","","","","","","","","","","","","","","","",""
"W","","","","0155","í çséûä‘ë—Å|ÇOÇPÇTÇT","0001","","","","","","","","","","","","","","","","","","","","","","","","","","","","","","","","","","","","","","","","","","","","","","","","","",""
"W","","","","0156","í çséûä‘ë—Å|ÇOÇPÇTÇU","0001","","","","","","","","","","","","","","","","","","","","","","","","","","","","","","","","","","","","","","","","","","","","","","","","","",""
"W","","","","0157","í çséûä‘ë—Å|ÇOÇPÇTÇV","0001","","","","","","","","","","","","","","","","","","","","","","","","","","","","","","","","","","","","","","","","","","","","","","","","","",""
"W","","","","0158","í çséûä‘ë—Å|ÇOÇPÇTÇW","0001","","","","","","","","","","","","","","","","","","","","","","","","","","","","","","","","","","","","","","","","","","","","","","","","","",""
"W","","","","0159","í çséûä‘ë—Å|ÇOÇPÇTÇX","0001","","","","","","","","","","","","","","","","","","","","","","","","","","","","","","","","","","","","","","","","","","","","","","","","","",""
"W","","","","0160","í çséûä‘ë—Å|ÇOÇPÇUÇO","0001","","","","","","","","","","","","","","","","","","","","","","","","","","","","","","","","","","","","","","","","","","","","","","","","","",""
"W","","","","0161","í çséûä‘ë—Å|ÇOÇPÇUÇP","0001","","","","","","","","","","","","","","","","","","","","","","","","","","","","","","","","","","","","","","","","","","","","","","","","","",""
"W","","","","0162","í çséûä‘ë—Å|ÇOÇPÇUÇQ","0001","","","","","","","","","","","","","","","","","","","","","","","","","","","","","","","","","","","","","","","","","","","","","","","","","",""
"W","","","","0163","í çséûä‘ë—Å|ÇOÇPÇUÇR","0001","","","","","","","","","","","","","","","","","","","","","","","","","","","","","","","","","","","","","","","","","","","","","","","","","",""
"W","","","","0164","í çséûä‘ë—Å|ÇOÇPÇUÇS","0001","","","","","","","","","","","","","","","","","","","","","","","","","","","","","","","","","","","","","","","","","","","","","","","","","",""
"W","","","","0165","í çséûä‘ë—Å|ÇOÇPÇUÇT","0001","","","","","","","","","","","","","","","","","","","","","","","","","","","","","","","","","","","","","","","","","","","","","","","","","",""
"W","","","","0166","í çséûä‘ë—Å|ÇOÇPÇUÇU","0001","","","","","","","","","","","","","","","","","","","","","","","","","","","","","","","","","","","","","","","","","","","","","","","","","",""
"W","","","","0167","í çséûä‘ë—Å|ÇOÇPÇUÇV","0001","","","","","","","","","","","","","","","","","","","","","","","","","","","","","","","","","","","","","","","","","","","","","","","","","",""
"W","","","","0168","í çséûä‘ë—Å|ÇOÇPÇUÇW","0001","","","","","","","","","","","","","","","","","","","","","","","","","","","","","","","","","","","","","","","","","","","","","","","","","",""
"W","","","","0169","í çséûä‘ë—Å|ÇOÇPÇUÇX","0001","","","","","","","","","","","","","","","","","","","","","","","","","","","","","","","","","","","","","","","","","","","","","","","","","",""
"W","","","","0170","í çséûä‘ë—Å|ÇOÇPÇVÇO","0001","","","","","","","","","","","","","","","","","","","","","","","","","","","","","","","","","","","","","","","","","","","","","","","","","",""
"W","","","","0171","í çséûä‘ë—Å|ÇOÇPÇVÇP","0001","","","","","","","","","","","","","","","","","","","","","","","","","","","","","","","","","","","","","","","","","","","","","","","","","",""
"W","","","","0172","í çséûä‘ë—Å|ÇOÇPÇVÇQ","0001","","","","","","","","","","","","","","","","","","","","","","","","","","","","","","","","","","","","","","","","","","","","","","","","","",""
"W","","","","0173","í çséûä‘ë—Å|ÇOÇPÇVÇR","0001","","","","","","","","","","","","","","","","","","","","","","","","","","","","","","","","","","","","","","","","","","","","","","","","","",""
"W","","","","0174","í çséûä‘ë—Å|ÇOÇPÇVÇS","0001","","","","","","","","","","","","","","","","","","","","","","","","","","","","","","","","","","","","","","","","","","","","","","","","","",""
"W","","","","0175","í çséûä‘ë—Å|ÇOÇPÇVÇT","0001","","","","","","","","","","","","","","","","","","","","","","","","","","","","","","","","","","","","","","","","","","","","","","","","","",""
"W","","","","0176","í çséûä‘ë—Å|ÇOÇPÇVÇU","0001","","","","","","","","","","","","","","","","","","","","","","","","","","","","","","","","","","","","","","","","","","","","","","","","","",""
"W","","","","0177","í çséûä‘ë—Å|ÇOÇPÇVÇV","0001","","","","","","","","","","","","","","","","","","","","","","","","","","","","","","","","","","","","","","","","","","","","","","","","","",""
"W","","","","0178","í çséûä‘ë—Å|ÇOÇPÇVÇW","0001","","","","","","","","","","","","","","","","","","","","","","","","","","","","","","","","","","","","","","","","","","","","","","","","","",""
"W","","","","0179","í çséûä‘ë—Å|ÇOÇPÇVÇX","0001","","","","","","","","","","","","","","","","","","","","","","","","","","","","","","","","","","","","","","","","","","","","","","","","","",""
"W","","","","0180","í çséûä‘ë—Å|ÇOÇPÇWÇO","0001","","","","","","","","","","","","","","","","","","","","","","","","","","","","","","","","","","","","","","","","","","","","","","","","","",""
"W","","","","0181","í çséûä‘ë—Å|ÇOÇPÇWÇP","0001","","","","","","","","","","","","","","","","","","","","","","","","","","","","","","","","","","","","","","","","","","","","","","","","","",""
"W","","","","0182","í çséûä‘ë—Å|ÇOÇPÇWÇQ","0001","","","","","","","","","","","","","","","","","","","","","","","","","","","","","","","","","","","","","","","","","","","","","","","","","",""
"W","","","","0183","í çséûä‘ë—Å|ÇOÇPÇWÇR","0001","","","","","","","","","","","","","","","","","","","","","","","","","","","","","","","","","","","","","","","","","","","","","","","","","",""
"W","","","","0184","í çséûä‘ë—Å|ÇOÇPÇWÇS","0001","","","","","","","","","","","","","","","","","","","","","","","","","","","","","","","","","","","","","","","","","","","","","","","","","",""
"W","","","","0185","í çséûä‘ë—Å|ÇOÇPÇWÇT","0001","","","","","","","","","","","","","","","","","","","","","","","","","","","","","","","","","","","","","","","","","","","","","","","","","",""
"W","","","","0186","í çséûä‘ë—Å|ÇOÇPÇWÇU","0001","","","","","","","","","","","","","","","","","","","","","","","","","","","","","","","","","","","","","","","","","","","","","","","","","",""
"W","","","","0187","í çséûä‘ë—Å|ÇOÇPÇWÇV","0001","","","","","","","","","","","","","","","","","","","","","","","","","","","","","","","","","","","","","","","","","","","","","","","","","",""
"W","","","","0188","í çséûä‘ë—Å|ÇOÇPÇWÇW","0001","","","","","","","","","","","","","","","","","","","","","","","","","","","","","","","","","","","","","","","","","","","","","","","","","",""
"W","","","","0189","í çséûä‘ë—Å|ÇOÇPÇWÇX","0001","","","","","","","","","","","","","","","","","","","","","","","","","","","","","","","","","","","","","","","","","","","","","","","","","",""
"W","","","","0190","í çséûä‘ë—Å|ÇOÇPÇXÇO","0001","","","","","","","","","","","","","","","","","","","","","","","","","","","","","","","","","","","","","","","","","","","","","","","","","",""
"W","","","","0191","í çséûä‘ë—Å|ÇOÇPÇXÇP","0001","","","","","","","","","","","","","","","","","","","","","","","","","","","","","","","","","","","","","","","","","","","","","","","","","",""
"W","","","","0192","í çséûä‘ë—Å|ÇOÇPÇXÇQ","0001","","","","","","","","","","","","","","","","","","","","","","","","","","","","","","","","","","","","","","","","","","","","","","","","","",""
"W","","","","0193","í çséûä‘ë—Å|ÇOÇPÇXÇR","0001","","","","","","","","","","","","","","","","","","","","","","","","","","","","","","","","","","","","","","","","","","","","","","","","","",""
"W","","","","0194","í çséûä‘ë—Å|ÇOÇPÇXÇS","0001","","","","","","","","","","","","","","","","","","","","","","","","","","","","","","","","","","","","","","","","","","","","","","","","","",""
"W","","","","0195","í çséûä‘ë—Å|ÇOÇPÇXÇT","0001","","","","","","","","","","","","","","","","","","","","","","","","","","","","","","","","","","","","","","","","","","","","","","","","","",""
"W","","","","0196","í çséûä‘ë—Å|ÇOÇPÇXÇU","0001","","","","","","","","","","","","","","","","","","","","","","","","","","","","","","","","","","","","","","","","","","","","","","","","","",""
"W","","","","0197","í çséûä‘ë—Å|ÇOÇPÇXÇV","0001","","","","","","","","","","","","","","","","","","","","","","","","","","","","","","","","","","","","","","","","","","","","","","","","","",""
"W","","","","0198","í çséûä‘ë—Å|ÇOÇPÇXÇW","0001","","","","","","","","","","","","","","","","","","","","","","","","","","","","","","","","","","","","","","","","","","","","","","","","","",""
"W","","","","0199","í çséûä‘ë—Å|ÇOÇPÇXÇX","0001","","","","","","","","","","","","","","","","","","","","","","","","","","","","","","","","","","","","","","","","","","","","","","","","","",""
"W","","","","0200","í çséûä‘ë—Å|ÇOÇQÇOÇO","0001","","","","","","","","","","","","","","","","","","","","","","","","","","","","","","","","","","","","","","","","","","","","","","","","","",""
"W","","","","0201","í çséûä‘ë—Å|ÇOÇQÇOÇP","0001","","","","","","","","","","","","","","","","","","","","","","","","","","","","","","","","","","","","","","","","","","","","","","","","","",""
"W","","","","0202","í çséûä‘ë—Å|ÇOÇQÇOÇQ","0001","","","","","","","","","","","","","","","","","","","","","","","","","","","","","","","","","","","","","","","","","","","","","","","","","",""
"W","","","","0203","í çséûä‘ë—Å|ÇOÇQÇOÇR","0001","","","","","","","","","","","","","","","","","","","","","","","","","","","","","","","","","","","","","","","","","","","","","","","","","",""
"W","","","","0204","í çséûä‘ë—Å|ÇOÇQÇOÇS","0001","","","","","","","","","","","","","","","","","","","","","","","","","","","","","","","","","","","","","","","","","","","","","","","","","",""
"W","","","","0205","í çséûä‘ë—Å|ÇOÇQÇOÇT","0001","","","","","","","","","","","","","","","","","","","","","","","","","","","","","","","","","","","","","","","","","","","","","","","","","",""
"W","","","","0206","í çséûä‘ë—Å|ÇOÇQÇOÇU","0001","","","","","","","","","","","","","","","","","","","","","","","","","","","","","","","","","","","","","","","","","","","","","","","","","",""
"W","","","","0207","í çséûä‘ë—Å|ÇOÇQÇOÇV","0001","","","","","","","","","","","","","","","","","","","","","","","","","","","","","","","","","","","","","","","","","","","","","","","","","",""
"W","","","","0208","í çséûä‘ë—Å|ÇOÇQÇOÇW","0001","","","","","","","","","","","","","","","","","","","","","","","","","","","","","","","","","","","","","","","","","","","","","","","","","",""
"W","","","","0209","í çséûä‘ë—Å|ÇOÇQÇOÇX","0001","","","","","","","","","","","","","","","","","","","","","","","","","","","","","","","","","","","","","","","","","","","","","","","","","",""
"W","","","","0210","í çséûä‘ë—Å|ÇOÇQÇPÇO","0001","","","","","","","","","","","","","","","","","","","","","","","","","","","","","","","","","","","","","","","","","","","","","","","","","",""
"W","","","","0211","í çséûä‘ë—Å|ÇOÇQÇPÇP","0001","","","","","","","","","","","","","","","","","","","","","","","","","","","","","","","","","","","","","","","","","","","","","","","","","",""
"W","","","","0212","í çséûä‘ë—Å|ÇOÇQÇPÇQ","0001","","","","","","","","","","","","","","","","","","","","","","","","","","","","","","","","","","","","","","","","","","","","","","","","","",""
"W","","","","0213","í çséûä‘ë—Å|ÇOÇQÇPÇR","0001","","","","","","","","","","","","","","","","","","","","","","","","","","","","","","","","","","","","","","","","","","","","","","","","","",""
"W","","","","0214","í çséûä‘ë—Å|ÇOÇQÇPÇS","0001","","","","","","","","","","","","","","","","","","","","","","","","","","","","","","","","","","","","","","","","","","","","","","","","","",""
"W","","","","0215","í çséûä‘ë—Å|ÇOÇQÇPÇT","0001","","","","","","","","","","","","","","","","","","","","","","","","","","","","","","","","","","","","","","","","","","","","","","","","","",""
"W","","","","0216","í çséûä‘ë—Å|ÇOÇQÇPÇU","0001","","","","","","","","","","","","","","","","","","","","","","","","","","","","","","","","","","","","","","","","","","","","","","","","","",""
"W","","","","0217","í çséûä‘ë—Å|ÇOÇQÇPÇV","0001","","","","","","","","","","","","","","","","","","","","","","","","","","","","","","","","","","","","","","","","","","","","","","","","","",""
"W","","","","0218","í çséûä‘ë—Å|ÇOÇQÇPÇW","0001","","","","","","","","","","","","","","","","","","","","","","","","","","","","","","","","","","","","","","","","","","","","","","","","","",""
"W","","","","0219","í çséûä‘ë—Å|ÇOÇQÇPÇX","0001","","","","","","","","","","","","","","","","","","","","","","","","","","","","","","","","","","","","","","","","","","","","","","","","","",""
"W","","","","0220","í çséûä‘ë—Å|ÇOÇQÇQÇO","0001","","","","","","","","","","","","","","","","","","","","","","","","","","","","","","","","","","","","","","","","","","","","","","","","","",""
"W","","","","0221","í çséûä‘ë—Å|ÇOÇQÇQÇP","0001","","","","","","","","","","","","","","","","","","","","","","","","","","","","","","","","","","","","","","","","","","","","","","","","","",""
"W","","","","0222","í çséûä‘ë—Å|ÇOÇQÇQÇQ","0001","","","","","","","","","","","","","","","","","","","","","","","","","","","","","","","","","","","","","","","","","","","","","","","","","",""
"W","","","","0223","í çséûä‘ë—Å|ÇOÇQÇQÇR","0001","","","","","","","","","","","","","","","","","","","","","","","","","","","","","","","","","","","","","","","","","","","","","","","","","",""
"W","","","","0224","í çséûä‘ë—Å|ÇOÇQÇQÇS","0001","","","","","","","","","","","","","","","","","","","","","","","","","","","","","","","","","","","","","","","","","","","","","","","","","",""
"W","","","","0225","í çséûä‘ë—Å|ÇOÇQÇQÇT","0001","","","","","","","","","","","","","","","","","","","","","","","","","","","","","","","","","","","","","","","","","","","","","","","","","",""
"W","","","","0226","í çséûä‘ë—Å|ÇOÇQÇQÇU","0001","","","","","","","","","","","","","","","","","","","","","","","","","","","","","","","","","","","","","","","","","","","","","","","","","",""
"W","","","","0227","í çséûä‘ë—Å|ÇOÇQÇQÇV","0001","","","","","","","","","","","","","","","","","","","","","","","","","","","","","","","","","","","","","","","","","","","","","","","","","",""
"W","","","","0228","í çséûä‘ë—Å|ÇOÇQÇQÇW","0001","","","","","","","","","","","","","","","","","","","","","","","","","","","","","","","","","","","","","","","","","","","","","","","","","",""
"W","","","","0229","í çséûä‘ë—Å|ÇOÇQÇQÇX","0001","","","","","","","","","","","","","","","","","","","","","","","","","","","","","","","","","","","","","","","","","","","","","","","","","",""
"W","","","","0230","í çséûä‘ë—Å|ÇOÇQÇRÇO","0001","","","","","","","","","","","","","","","","","","","","","","","","","","","","","","","","","","","","","","","","","","","","","","","","","",""
"W","","","","0231","í çséûä‘ë—Å|ÇOÇQÇRÇP","0001","","","","","","","","","","","","","","","","","","","","","","","","","","","","","","","","","","","","","","","","","","","","","","","","","",""
"W","","","","0232","í çséûä‘ë—Å|ÇOÇQÇRÇQ","0001","","","","","","","","","","","","","","","","","","","","","","","","","","","","","","","","","","","","","","","","","","","","","","","","","",""
"W","","","","0233","í çséûä‘ë—Å|ÇOÇQÇRÇR","0001","","","","","","","","","","","","","","","","","","","","","","","","","","","","","","","","","","","","","","","","","","","","","","","","","",""
"W","","","","0234","í çséûä‘ë—Å|ÇOÇQÇRÇS","0001","","","","","","","","","","","","","","","","","","","","","","","","","","","","","","","","","","","","","","","","","","","","","","","","","",""
"W","","","","0235","í çséûä‘ë—Å|ÇOÇQÇRÇT","0001","","","","","","","","","","","","","","","","","","","","","","","","","","","","","","","","","","","","","","","","","","","","","","","","","",""
"W","","","","0236","í çséûä‘ë—Å|ÇOÇQÇRÇU","0001","","","","","","","","","","","","","","","","","","","","","","","","","","","","","","","","","","","","","","","","","","","","","","","","","",""
"W","","","","0237","í çséûä‘ë—Å|ÇOÇQÇRÇV","0001","","","","","","","","","","","","","","","","","","","","","","","","","","","","","","","","","","","","","","","","","","","","","","","","","",""
"W","","","","0238","í çséûä‘ë—Å|ÇOÇQÇRÇW","0001","","","","","","","","","","","","","","","","","","","","","","","","","","","","","","","","","","","","","","","","","","","","","","","","","",""
"W","","","","0239","í çséûä‘ë—Å|ÇOÇQÇRÇX","0001","","","","","","","","","","","","","","","","","","","","","","","","","","","","","","","","","","","","","","","","","","","","","","","","","",""
"W","","","","0240","í çséûä‘ë—Å|ÇOÇQÇSÇO","0001","","","","","","","","","","","","","","","","","","","","","","","","","","","","","","","","","","","","","","","","","","","","","","","","","",""
"W","","","","0241","í çséûä‘ë—Å|ÇOÇQÇSÇP","0001","","","","","","","","","","","","","","","","","","","","","","","","","","","","","","","","","","","","","","","","","","","","","","","","","",""
"W","","","","0242","í çséûä‘ë—Å|ÇOÇQÇSÇQ","0001","","","","","","","","","","","","","","","","","","","","","","","","","","","","","","","","","","","","","","","","","","","","","","","","","",""
"W","","","","0243","í çséûä‘ë—Å|ÇOÇQÇSÇR","0001","","","","","","","","","","","","","","","","","","","","","","","","","","","","","","","","","","","","","","","","","","","","","","","","","",""
"W","","","","0244","í çséûä‘ë—Å|ÇOÇQÇSÇS","0001","","","","","","","","","","","","","","","","","","","","","","","","","","","","","","","","","","","","","","","","","","","","","","","","","",""
"W","","","","0245","í çséûä‘ë—Å|ÇOÇQÇSÇT","0001","","","","","","","","","","","","","","","","","","","","","","","","","","","","","","","","","","","","","","","","","","","","","","","","","",""
"W","","","","0246","í çséûä‘ë—Å|ÇOÇQÇSÇU","0001","","","","","","","","","","","","","","","","","","","","","","","","","","","","","","","","","","","","","","","","","","","","","","","","","",""
"W","","","","0247","í çséûä‘ë—Å|ÇOÇQÇSÇV","0001","","","","","","","","","","","","","","","","","","","","","","","","","","","","","","","","","","","","","","","","","","","","","","","","","",""
"W","","","","0248","í çséûä‘ë—Å|ÇOÇQÇSÇW","0001","","","","","","","","","","","","","","","","","","","","","","","","","","","","","","","","","","","","","","","","","","","","","","","","","",""
"W","","","","0249","í çséûä‘ë—Å|ÇOÇQÇSÇX","0001","","","","","","","","","","","","","","","","","","","","","","","","","","","","","","","","","","","","","","","","","","","","","","","","","",""
"W","","","","0250","í çséûä‘ë—Å|ÇOÇQÇTÇO","0001","","","","","","","","","","","","","","","","","","","","","","","","","","","","","","","","","","","","","","","","","","","","","","","","","",""
